episode_id,error,instruction,replanning_count_0,run_id,runtime,sim_step_count,task_percent_complete,task_state_success
1250,False,"Move the toy airplane from the bedroom to the living room table. Place it next to the couch. The toy airplane is red, part of the Air Hogs Wind Flyers Set. It's a gift from my childhood friend.",10.0,0,91.28712677955627,1575.0,1.0,1.0
1144,False,"Help me prepare the laundry room for a cleaning session. First, move the vase from the washer dryer to the closet table. Then, take the stuffed toy and basket and place them next to each other on the chest of drawers. I always set up the laundry room this way before starting a cleaning session.",21.0,0,115.90121936798096,1590.0,0.25,0.0
1032,False,Put the shoe and pencil case on the bedroom chest of drawers. I prefer to keep my shoe and pencil case on the chest of drawers for quick access when I'm getting ready in the morning.,15.0,0,147.55552768707275,3358.0,1.0,1.0
1035,False,"Help me move some toys and a bowl from the dining room to the living room. Take the toy airplane, toy animal, and bowl from the table in the dining room. Place them next to each other on the table in the living room. I enjoy having these toys and the bowl set up together in the living room for playtime with my child.",26.0,0,104.56060314178467,1452.0,1.0,1.0
1249,False,"Move the statue and picture frame from the table in the living room to the shelves in the bedroom. Place them next to each other on the shelves. The statue is beige on a black base, and the picture frame is silver with an ornate border. The statue is a keepsake from my travels.",41.0,0,173.53045225143433,1781.0,0.0,0.0
1143,False,Move the candle holder and vase from the living room table to the office cabinet. Place them next to each other on the cabinet. I prefer to keep the candle holder and vase together on the office cabinet for a calming atmosphere while I work.,41.0,0,179.86466646194458,1851.0,1.0,1.0
1132,False,"Take the clock, vase, and candle from the table in the dining room and put them on the shelves in the tv room, placing them next to each other? The clock is a black vintage one with a round face and a small ring on top, the vase is colorful with a geometric mosaic pattern, and the candle is white on a black, geometric holder. The clock was a gift from my grandmother.",41.0,0,243.59855031967163,2652.0,0.4,0.0
1033,False,"Move the candle holder, candle, and plant container from the dining table to the living room couch. Place them next to each other on the couch. In the evening, I like having these items together on the couch for a cozy atmosphere.",41.0,0,136.0001482963562,1236.0,0.4,0.0
1010,False,"Help me set up some visuals on the shelves. Move the picture frame and lamp there. The book can stay where it is. The lamp has a pineapple-shaped neon outline with a black base, and the picture frame is gold with a dark central image. The picture frame holds a special photo of my family reunion.",19.0,0,432.71188163757324,8320.0,0.0,0.0
1225,False,"Move the vase, then the lamp, and finally the plate to the table in the living room. Then, move them to the couch in the living room and place them next to each other. I prefer to keep the vase, lamp, and plate together on the couch in the living room after rearranging them from the table.",26.0,0,152.27725887298584,2035.0,0.625,0.0
1130,False,"Move the picture frame and vase from the dining room table to the TV shelves. Place them next to each other on the shelves. The picture frame is wooden with a black and white dove image, and the vase is brown and beige with a pebble-like pattern. The picture frame holds a special photo of my family's pet dove.",21.0,0,171.24990224838257,2296.0,1.0,1.0
1042,False,Move the stuffed toys and put them in the chest of drawers in the bedroom. I prefer to keep my stuffed toys in the bedroom chest of drawers for easy access and organization.,41.0,0,229.86861419677734,1246.0,0.0,0.0
987,False,Move the lamp to the bedroom table. Move the statue to the living room shelves. I prefer to have the lamp on the bedroom table for reading and the statue on the living room shelves for display.,41.0,0,407.29934525489807,7202.0,0.0,0.0
1128,False,"Move the tray to the cabinet in the toilet room and put the can on the counter in the lounge. The tray is white with cutout handles, and the can is a silver can of Polar Herring Fillets, Smoked & Peppered, 7.05 oz. The tray is a gift from my grandmother.",21.0,0,164.75401043891907,2090.0,0.5,0.0
1212,False,"Move the laptop and laptop stand from the living room table to the bedroom chair. Also, bring a book from the bedroom chair to the living room table. I usually move my laptop and stand to the bedroom chair when I'm ready for work and keep a book on the living room table for quick access during breaks.",41.0,0,282.65586400032043,4253.0,1.0,1.0
1038,False,Move the jug and cup from the kitchen to the bedroom. Place them next to each other on the chest of drawers. I like having the jug and cup together on the chest of drawers in the bedroom for a convenient night drink.,19.0,0,125.61573839187622,2009.0,1.0,1.0
1024,False,"Move the dumbbell and shoe to the shelves in the living room and place them next to each other. The dumbbell is black and hexagonal with a metal handle, and the shoe is a black and pink running shoe, PureConnect 2. The shoe is part of my favorite running gear.",33.0,0,340.04943680763245,5817.0,0.3333333333333333,0.0
1137,False,"First, move the candle from the table to the chair in the tv room. Then, place it on the tv table. The candle is mint green with white butterfly designs. This candle is my favorite.",6.0,0,84.54256439208984,1381.0,0.0,0.0
1003,False,Move the book and pencil case from the living room table to the chest of drawers in the bedroom. Place them next to each other. I like to keep my book and pencil case together on the chest of drawers in the bedroom for late-night study sessions.,17.0,0,145.75993824005127,2325.0,1.0,1.0
1034,False,Put away the one jug and one cup in the kitchen cabinet. I prefer to keep the jug and cup in the kitchen cabinet for easy access during breakfast.,15.0,0,72.57661318778992,1079.0,0.0,0.0
1217,False,"Place the vase on the shelves, the candle on the table. I prefer to have the vase on the shelves and the candle on the table to create a cozy atmosphere in the room.",14.0,0,111.8369243144989,1682.0,1.0,1.0
1040,False,Move the stuffed toy from the couch to the chair in the living room. Place it next to the table. I like to keep the stuffed toy next to the table on the chair for decoration and easy access during my reading time.,11.0,0,74.68021702766418,1270.0,0.0,0.0
999,False,"Move the lamp and then the vase from the table in the living room to the shelves, placing them next to each other. I prefer to keep the lamp and vase together on the shelves for a balanced look and easy access.",13.0,0,117.13598608970642,2080.0,1.0,1.0
1219,False,Move the laptop and mouse pad from the table in the bedroom to the counter in the kitchen. Place them next to each other on the counter. I like to keep my laptop and mouse pad on the kitchen counter for morning work sessions.,15.0,0,102.08804869651794,1384.0,1.0,1.0
1131,False,"Move the candle and vase from the dining table to the tv couch? Place them next to each other on the couch. The candle is white and shaped like a gift box with a black bow, and the vase is brown with a gradient pattern. The candle is a gift from my best friend.",21.0,0,184.7162787914276,2628.0,0.0,0.0
1095,False,"First, move the candle from the dining table to the office shelves. Next, move the vase to the office shelves and place it next to the candle. I like to keep the candle and vase together on the office shelves for a calming atmosphere while I work.",10.0,0,85.05812382698059,898.0,1.0,1.0
964,False,"First, move the pen from the living room table to the shelves. Then, place it on the floor next to the bed in the bedroom. The pen is white with black accents. It's my lucky pen.",10.0,0,281.7073323726654,2771.0,0.0,0.0
1233,False,"Move the laptop and the mouse pad to a new living room table. Move the clock to another shelf. The laptop is black with a dark keyboard and a large touchpad, and the mouse pad is black with a logo in the corner. The clock is red with a white face and black numbers. The laptop is essential for my work.",15.0,0,81.5700170993805,1016.0,1.0,1.0
1082,False,Move the vase and stuffed toy from the dining table to the office shelves. Place them next to each other on the shelves. I prefer to keep the vase and stuffed toy together on the office shelves for a personal touch in my workspace.,12.0,0,93.05817866325378,1049.0,1.0,1.0
1221,False,"Take the book, pencil case, and multiport hub from the table in the living room and put them on the shelves in the bedroom, placing them next to each other. I like to keep my study materials together on the bedroom shelves for easy access when I'm working or studying in my room.",41.0,0,170.91311407089233,2035.0,0.2,0.0
1244,False,"First, take the teapot from the kitchen and put it on the couch in the living room. Then move it to the table in the bedroom. The teapot is black with a curved spout and an ornate lid. This teapot is a gift from my grandfather.",15.0,0,115.93769931793213,1851.0,1.0,1.0
1084,False,"Help me tidy up the closet. Move the basket, hat, and candle to the top of different shelves. I prefer to have the basket, hat, and candle each on separate shelves for better organization and easy access.",16.0,0,152.27726531028748,1777.0,0.3333333333333333,0.0
1159,False,Put away the clock and vase by setting them on the washing machine. Set them next to each other. I prefer to keep the clock and vase together on the washing machine for easy access when I do laundry.,13.0,0,110.70159578323364,2185.0,1.0,1.0
961,False,"Move the jug and cup from the kitchen counter to the dining table. Place them next to each other on the table. The jug is cream-colored with a curved handle, and the cup is black with a smooth surface. The cup is part of my favorite dinnerware.",19.0,0,236.180011510849,2050.0,0.6666666666666666,0.0
1240,False,"Take the book, pencil case, and multiport hub from the table in the living room and put them on the shelves in the bedroom, placing them next to each other. The book is a hardcover with a colorful cover design, the pencil case is pink with large white dots called Big Dot Pink Pencil Case, and the multiport hub is gray with multiple USB ports. The pencil case is my favorite.",22.0,0,139.42637848854065,1873.0,0.6,0.0
1154,False,"Move the jug, kettle, and bread from the kitchen counter to the living room table. Place them next to each other. I like to have the jug, kettle, and bread on the living room table for my morning routine.",13.0,0,80.53712749481201,1169.0,1.0,1.0
1088,False,Move the vase and then the plant saucer from the living room table to the hallway couch and place them next to each other. I prefer to have the vase and plant saucer together on the hallway couch for a decorative touch.,17.0,0,109.10185742378235,1074.0,0.0,0.0
1094,False,"First, move the plate from the dining table to the chair. Then, place it on the table in the office. I typically move my plate to the office table to have my lunch while working.",16.0,0,111.11815857887268,1131.0,1.0,1.0
1238,False,"Move the laptop and mouse pad from the table in the bedroom to the counter in the kitchen. Place them next to each other on the counter. The laptop is black and rugged with a gray touchpad, and the mouse pad is black with a logo in the corner. The laptop and mouse pad are part of my work setup.",12.0,0,155.93002843856812,2794.0,0.3333333333333333,0.0
1164,False,Move the plant saucer and plant container from the table in the living room to the bench in the bathroom. Place them next to each other. I usually keep my plants in the bathroom for better humidity and sunlight exposure.,13.0,0,140.1963131427765,2488.0,1.0,1.0
1155,False,Move the vase and plate from the living room table to the lounge chair. I prefer to have the vase and plate on the lounge chair for easy access when I'm relaxing there.,12.0,0,133.04708695411682,2662.0,1.0,1.0
1083,False,Move the tray and plate from the hallway couch to the counter. Place them next to each other on the counter. I prefer to have the tray and plate together on the counter for easy access during meal prep.,41.0,0,219.75331354141235,1151.0,0.6666666666666666,0.0
1273,False,"Help me tidy up the hallway shelves. First, move the book, vase, and stuffed toy to the living room table. Place them next to each other. The book has a colorful cover with architectural imagery, the vase is white with brown accents and a glossy finish, and the stuffed toy is a gray elephant with a soft, plush texture called Sootheze Cold Therapy Elephant. The vase is a gift from my friend.",18.0,0,737.0700569152832,3709.0,1.0,1.0
1091,False,Move the plate and bowl from the dining table to the living room table. Place them next to each other. I like to have the plate and bowl together on the living room table for casual meals while watching TV.,11.0,0,63.746641635894775,598.0,1.0,1.0
1231,False,"Move the laptop and laptop stand from the living room table to the bedroom chair. Also, bring a book from the bedroom chair to the living room table. The laptop is gray with a black keyboard and touchpad, the laptop stand is black with a rounded design, and the book is a green sketchbook with a spiral binding and brown central design. The laptop and the laptop stand are essential for my work setup.",26.0,0,163.69253540039062,2353.0,0.3333333333333333,0.0
1165,False,Move the stuffed toy and the bowl to the kitchen and leave them next to each other on the counter. I always place the stuffed toy and bowl together on the kitchen counter as they are a part of my daily routine with my pet.,15.0,0,198.19141697883606,3928.0,1.0,1.0
1179,False,"Move the plant saucer and plant container from the table in the living room to the bench in the bathroom. Place them next to each other. The plant container is green, named Central Garden Flower Pot Goo 425, and the plant saucer is a green, square Ecoforms Quadra Saucer SQ1 Avocado. Both are part of my indoor gardening set.",12.0,0,124.40518021583557,2382.0,0.3333333333333333,0.0
1174,False,"Move the vase and picture frame from the living room table to the lounge chair. Place them next to each other on the chair. The vase is dark blue with a faceted design, and the picture frame has a light blue border with multicolored accents. The dark blue vase is my personal favorite.",18.0,0,144.74284386634827,2389.0,1.0,1.0
1085,False,Move the lamp and plant container from the bedroom table to the living room table. Place them next to each other on the table. I like having the lamp and plant container together on the living room table for a cozy evening ambiance.,41.0,0,329.4836540222168,2953.0,0.3333333333333333,0.0
1268,False,"Swap the can and bottle to office table? The can is silver and contains Polar Herring Fillets, Smoked & Peppered, 7.05 oz., and the bottle is black and white with a leaf pattern. The can is part of my favorite food collection.",41.0,0,426.08044052124023,1233.0,0.0,0.0
951,False,"Help me tidy up the living room table. Move the clock, book, and candle to the stand? The book is black with gold accents, the candle has a brown and blue gradient, and the clock is round and white with black numbers and a brown frame. The book is a gift from my friend.",17.0,0,363.5344159603119,3529.0,0.6666666666666666,0.0
1169,False,"Move the vase and plate from the living room table to the lounge chair. The plate is brown and square, and the vase is red with a long neck and bulbous base. The red vase is a souvenir from my trip to Italy.",22.0,0,168.86345100402832,2746.0,0.0,0.0
1081,False,"Take the basket, can, and plant container from the kitchen cabinet to the dining table. I typically set them on the dining table for easy access when I'm organizing a centerpiece.",20.0,0,155.7662672996521,1576.0,1.0,1.0
1262,False,Move the toy airplane and then the toy vehicle from the bedroom shelves to the living room couch and place them next to each other. I like to have the toys on the living room couch for easy access when playing with the kids in the afternoon.,14.0,0,479.32772421836853,2382.0,1.0,1.0
1140,False,Move the kettle and ladle from the office to the kitchen and place them next to each other on the counter. I prefer to keep the kettle and ladle next to each other on the kitchen counter for easy access when I'm cooking.,12.0,0,73.6584095954895,1127.0,1.0,1.0
1138,False,"Move the clock to a new living room table. Also, move the candle holder to a new living room table. I prefer to have the clock and candle holder together on the new table for a cozy ambiance.",13.0,0,66.95947742462158,994.0,1.0,1.0
1180,False,"Move the stuffed toy and the bowl to the kitchen and leave them next to each other on the counter. The stuffed toy is a gray elephant with a soft, plush texture called Sootheze Cold Therapy Elephant, and the bowl is plain white. The elephant stuffed toy is from my childhood.",19.0,0,206.16181921958923,4183.0,1.0,1.0
1044,False,"Put the shoe and pencil case on the bedroom chest of drawers. The shoe is a black and orange sports shoe, F10_TRX_FG_ssscuo9tGxb, and the pencil case is colorful featuring butterflies and flowers, Olive Kids Butterfly Garden. The pencil case is a gift from my childhood friend.",31.0,0,339.8237247467041,7521.0,1.0,1.0
1141,False,"First, move the jug from the kitchen counter to the living room table. Then, take the cup and plate from the kitchen cabinet to the living room table and place them next to each other. I usually set up the living room table like this for afternoon tea.",18.0,0,120.77639937400818,1956.0,1.0,1.0
1200,False,"Move the dumbbell, tennis racquet, and spray bottle from the workout table to the office table. The dumbbell is green with a smooth finish, the tennis racquet is black with a brown handle, and the spray bottle is transparent with a sleek design. The dumbbell and tennis racquet are part of my personal workout gear.",21.0,0,98.80143904685974,1537.0,0.3333333333333333,0.0
1047,False,"Help me move some toys and a bowl from the dining room to the living room. Take the toy airplane, toy animal, and bowl from the table in the dining room. Place them next to each other on the table in the living room. The toy airplane is a red Air Hogs Wind Flyers Set, the toy animal is a detailed gray Schleich African Black Rhino, and the bowl is a black shallow bowl. The toy airplane and toy animal are part of my childhood collection.",24.0,0,104.28906440734863,1338.0,0.6,0.0
1203,False,Move the candle from the living room stand to the office chair and place it next to the table. The candle is blue and black with a textured pattern. This candle was a gift from my friend.,11.0,0,84.98742461204529,1917.0,0.0,0.0
1278,False,"First, bring the vase from shelves in the living room to the dining room. Then, place it on the table in the office. The vase is white with green and light blue leaves. It's a gift from my best friend.",17.0,0,507.5078995227814,2639.0,1.0,1.0
1045,False,"Move the candle holder, candle, and plant container from the dining table to the living room couch? Place them next to each other on the couch. The candle holder is white with a gold rim on a wooden base, the candle is blue and brown with a gradient pattern, and the plant container is a white and green orchid pot called Cole Hardware Orchid Pot 85. The candle holder and candle are part of my decorative set.",17.0,0,77.30564880371094,1206.0,0.4,0.0
1118,False,"Take the clock, vase, and candle from the table in the dining room and put them on the shelves in the TV room, placing them next to each other. I prefer to keep the clock, vase, and candle together on the shelves in the TV room to create a cozy atmosphere.",22.0,0,216.79705500602722,3026.0,1.0,1.0
1206,False,"Move the clock, then the vase, and finally the picture frame to the table in the living room. Then move them to the bench in the living room and place them next to each other. The clock is dark blue with a patterned face and a handle, the vase is tall and slender in dark green, and the picture frame is wooden with a colorful illustration inside. The vase is a gift from my friend.",36.0,0,266.7719497680664,4852.0,0.0,0.0
1116,False,Move the picture frame and vase from the dining room table to the tv shelves. Place them next to each other on the shelves. I like to keep the picture frame and vase together on the tv shelves for a cohesive look.,41.0,0,187.74693942070007,1771.0,0.3333333333333333,0.0
1257,False,"First, move the kettle, then the teapot, and finally the cup from the kitchen counter to the dining room table. Place them next to each other. I like to arrange the kettle, teapot, and cup on the dining room table in this order for my afternoon tea ritual.",21.0,0,620.9010434150696,3202.0,0.8,0.0
1201,False,"Move the toy airplane and stuffed toy from the bedroom table to the workout table. Place them next to each other on the table. The toy airplane is a red Air Hogs Wind Flyers Set, and the stuffed toy is a green and blue two-headed dragon from Animal Planet Foam. They are part of my favorite childhood toys.",16.0,0,104.46717643737793,1711.0,1.0,1.0
985,False,"First, put a clock next to the vase. Then, move both to the couch in the tv room. The vase is glossy black with a narrow neck, and the clock is gray with a rounded top and black numerals. The vase is a cherished family heirloom.",41.0,0,375.93282413482666,3209.0,0.0,0.0
1114,False,Move the phone stand to the TV table and the statue to the lounge counter. I prefer to keep the phone stand on the TV table and the statue on the lounge counter for better aesthetics and accessibility.,14.0,0,140.17304253578186,2020.0,1.0,1.0
1147,False,"Move the kettle and ladle from the office to the kitchen and place them next to each other on the counter. The kettle is black with a curved handle, and the ladle is black with a round scoop. The kettle and ladle are part of my cooking essentials.",19.0,0,100.69465684890747,1149.0,1.0,1.0
979,False,"Move the laptop and mouse pad from the office table to the bedroom chest of drawers. Place them next to each other on the chest of drawers. The laptop is black with a backlit keyboard, and the mouse pad is black with a logo in the corner. The laptop is my personal work device.",16.0,0,109.36967515945435,855.0,1.0,1.0
1115,False,Move the toy airplane and toy vehicle from the tv table to the garage bench. Place them next to each other on the bench. I like to keep the toy airplane and toy vehicle together on the garage bench for easy access when playing with them.,12.0,0,132.95963597297668,2053.0,1.0,1.0
1065,False,"Help me organize my closet in the bedroom. First, place the basket and shoe on another shelf in the bedroom, next to each other. Then, move them to the stand in the bedroom and place the hat close by. I have a routine of organizing my closet by first rearranging items on the shelf before placing them on the stand with the hat nearby.",13.0,0,51.45921349525452,723.0,0.0,0.0
1151,False,"Help me prepare the laundry room for a cleaning session. First, move the vase from the washer dryer to the closet table. Then, take the stuffed toy and basket and place them next to each other on the chest of drawers. The vase is black and white with a speckled pattern, the basket is a blue Easter basket with rabbit ears, and the stuffed toy is blue with a friendly face. The basket is my childhood Easter basket.",41.0,0,184.49819374084473,1637.0,0.0,0.0
1056,False,"Put the phone stand, laptop stand, and multiport hub on the table in the bedroom. I prefer to have my phone stand, laptop stand, and multiport hub in the bedroom for a tidy and organized workspace.",19.0,0,75.54292869567871,1202.0,1.0,1.0
981,False,"Move the laptop and phone stand to the table in the office. Place them next to each other on the table. The laptop is black with a touchpad, and the phone stand is black with a minimalist design. They are the essential part of my work setup.",13.0,0,196.7010977268219,2339.0,0.3333333333333333,0.0
1059,False,Move the plant container from the living room table to the bedroom shelves. I prefer having my plant container on the bedroom shelves to create a calming atmosphere.,7.0,0,33.43635964393616,655.0,1.0,1.0
1255,False,Put away the action figure and tray in the bedroom. Leave one action figure on the table. Take the tray and put it on the bed. I usually like to have an action figure on the table and the tray on the bed for easy access when I'm relaxing in the bedroom.,12.0,0,499.70269751548767,2705.0,1.0,1.0
1148,False,"First, move the jug from the kitchen counter to the living room table. Then, take the cup and plate from the kitchen cabinet to the living room table and place them next to each other. The jug is blue with a round lid, the cup is yellow with a white interior, and the plate is plain white with a smooth, circular design. The jug and cup are from my preferred kitchenware collection.",41.0,0,165.7950782775879,1338.0,0.0,0.0
1058,False,Move the candle and book from the bedroom shelves to the living room table. Place them next to each other on the table. I like to have the candle and book together on the living room table for a relaxing reading session.,41.0,0,119.52000594139099,1287.0,0.3333333333333333,0.0
1145,False,"Move the clock to a new living room table. Also, move the candle holder to a new living room table. The clock is brown and black with a green display, and the candle holder is white with a gold rim on a wooden base. The candle holder is a gift from my friend.",11.0,0,63.74368357658386,1025.0,1.0,1.0
1067,False,"First, move the laptop from the living room to the bedroom and place it on the bedside table. Then move the laptop from the bedside table to the stool in the bedroom. I usually start my work in the bedroom by placing the laptop on the bedside table, and then move it to the stool for a more comfortable working position.",15.0,0,57.777610778808594,1172.0,1.0,1.0
1146,False,"Put the cup on the kitchen counter. Can you also move the laptop stand to a different kitchen counter? The cup is gray with a handle and two white birds design, and the laptop stand is black with foldable legs. The cup is my favorite mug.",12.0,0,105.11520910263062,1974.0,0.5,0.0
1061,False,"Move the vase, candle, and book from the bedroom shelves to the living room table and place them next to each other. I like to have these items together on the living room table for a cozy and decorative look.",41.0,0,125.94499444961548,1335.0,1.0,1.0
1055,False,"Move the toy airplane to the living room couch. Take the book and laptop to the living room table. I usually keep the toy airplane on the couch for playtime, and I prefer having the book and laptop on the living room table for study sessions.",17.0,0,74.06920647621155,1468.0,1.0,1.0
1057,False,Move the plate from the dining table to the bedroom shelves. Place it next to the bed. I usually keep a plate next to the bed for late-night snacks.,9.0,0,33.13378310203552,499.0,1.0,1.0
1133,False,"Help me prepare a snack in the tv room. First, move the apple, knife, and plate from the dining room to the tv room table. Place them next to each other on the table. The apple is red with a hint of orange, the knife is silver with a black handle, and the plate is dark blue and hexagonal. I prefer to use this knife and plate when preparing snacks.",22.0,0,204.1471095085144,2615.0,0.2,0.0
1007,False,"Move the lamp, then the vase, and finally the statue to the shelves. Then, move them to the table in the bedroom and place them next to each other. I usually arrange the lamp, vase, and statue on the bedroom table in this sequence for a calming bedtime atmosphere.",26.0,0,207.15095567703247,3056.0,0.75,0.0
1237,False,"Organize the bedroom. Put the vase, book, and clock on the chest of drawers. The vase is white with a beige geometric pattern, the book is a multicolored hardcover with a geometric design, and the clock is maroon with a green digital display. The book is a gift from my best friend.",27.0,0,271.7958586215973,4621.0,0.3333333333333333,0.0
1041,False,"Move the phone stand, laptop stand, and multiport hub to the entryway and place them on the table. I prefer to have these items ready on the entryway table for when I head out for work.",19.0,0,162.09209442138672,3364.0,1.0,1.0
1254,False,Move the vase and statue from the bedroom table to the entryway chest of drawers. Place them next to each other on the chest of drawers. I like having the vase and statue together in the entryway for a welcoming aesthetic.,41.0,0,781.9503674507141,3804.0,0.0,0.0
1126,False,"Move a laptop and a laptop stand from the lounge counter to the dining room table. Place them next to each other on the table. The laptop is black with a dark keyboard, and the laptop stand is black with a rounded design. These items are part of my work setup.",11.0,0,78.62687277793884,959.0,0.0,0.0
1036,False,Move the toy airplane and toy vehicle from the closet shelves to the living room table. Place them next to each other on the table. I like to have the toy airplane and toy vehicle displayed together on the living room table for easy access when playing with them.,41.0,0,109.65466833114624,655.0,1.0,1.0
1092,False,"First, bring the jug from the kitchen to the dining room. Then, place it on the table. I usually have the jug on the dining table during meals for easy access to water.",6.0,0,63.124712228775024,788.0,1.0,1.0
1243,False,"Move the picture frame and clock to the table in the bedroom. Then, place them next to each other on the counter in the kitchen. The picture frame is black with teardrop-shaped embellishments, and the clock is a dark green analog alarm clock with twin bells. The clock was a gift from my grandfather.",41.0,0,243.4188311100006,3178.0,0.6,0.0
1183,False,"Move the vase, candle holder, and picture frame from the living room to the office. Place them on the table. I usually like to have these items in the office for a calming and personalized workspace.",22.0,0,171.00041460990906,3470.0,1.0,1.0
1127,False,"Move the phone stand to the tv table. Move the statue to the lounge counter. The phone stand is black with a minimalist design, and the statue is green of a sitting dog. The statue was a gift from my best friend.",18.0,0,151.39820671081543,2036.0,0.0,0.0
1111,False,Move the kettle and tray from the laundry room/mudroom cabinet to the TV table. Place them next to each other on the table. I prefer having the kettle and tray on the TV table for easy access during movie nights.,10.0,0,93.81362867355347,1232.0,1.0,1.0
1234,False,"Move the book and clock from the living room shelves to the bedroom chair. Place them next to each other on the chair. The book has a dark cover featuring a portrait with teal text, and the clock is blue with rabbit ears and feet. The clock is a gift from my brother.",17.0,0,105.91380786895752,1614.0,1.0,1.0
1185,False,"Move the dumbbell, tennis racquet, and spray bottle from the workout table to the office table. I like to keep these items on the office table when I'm not working out to keep the workout area clear.",17.0,0,70.52718162536621,1145.0,1.0,1.0
1189,False,Move the laptop from the office to the dining room. Place it on the table. I prefer to use the dining room table as my workspace in the evenings.,6.0,0,36.39005208015442,745.0,1.0,1.0
1271,False,Move the plate and bowl from the dining table to the kitchen counter. Place them next to each other on the counter. The plate is a white square and the bowl is gray with a faceted design. The plate and bowl are part of my everyday dinnerware set.,23.0,0,1873.6939907073975,9998.0,0.0,0.0
1123,False,"Move the phone stand to a new dining room chair. Also, move the statue to a new dining room chair. The phone stand is silver and light blue with a sleek design, and the statue is dark bronze with elongated features. The statue was a gift from my best friend.",10.0,0,101.72932076454163,1457.0,1.0,1.0
1175,False,Move the stuffed toy from the lounge chair to the porch chair. The stuffed toy is a brown and gray squirrel with a fluffy tail. This toy is a gift from my best friend.,17.0,0,79.68994116783142,1058.0,0.0,0.0
1187,False,"Help me move these objects from the workout room to the dining room. First, take the dumbbell from the table and place it on the dining table. Then, bring the tennis racquet from the chair and place it on another chair. Finally, take the basketball from the table and place it on the floor. I usually set up exercise equipment in the dining room to create an impromptu workout area.",18.0,0,103.87476062774658,1699.0,1.0,1.0
1119,False,"Help me prepare a snack in the tv room. First, move the apple, knife, and plate from the dining room to the tv room table. Place them next to each other on the table. I usually prepare my snack on the tv room table for easy access while watching TV.",20.0,0,193.0846815109253,2510.0,1.0,1.0
1168,False,"Move the jug, kettle, and bread from the kitchen counter to the living room table. Place them next to each other. The jug is dark green with a wavy top and abstract pattern, the kettle is white with a black handle and lid, and the bread is a loaf of brown. The dark green jug is my favorite item for serving drinks.",21.0,0,109.53928709030151,1325.0,1.0,1.0
1103,False,"Move the vase and then the plant saucer from the living room table to the hallway couch and place them next to each other. The vase is tall, dark green with a narrow neck, and the plant saucer is a natural-colored, round Ecoforms design. The vase was a gift from my friend.",35.0,0,181.02850532531738,1603.0,0.0,0.0
1113,False,Move a laptop and a laptop stand from the lounge counter to the dining room table. Place them next to each other on the table. I prefer having my laptop and stand on the dining room table for working in a comfortable setting.,13.0,0,77.9825496673584,987.0,1.0,1.0
1207,False,"First, take the stuffed toy from the bedroom to the laundry room/mudroom. Then, move it to the living room and place it on the couch. The stuffed toy is a blue and white shark. It is my favorite stuffed toy.",20.0,0,100.78620171546936,1519.0,0.0,0.0
1107,False,"First, bring the jug from the kitchen to the dining room. Then, place it on the table. The jug is cream-colored with a curved handle. The jug is a gift from my grandmother.",9.0,0,74.14692497253418,909.0,1.0,1.0
1193,False,"First, move the phone stand and candle to the bedroom couch? Then, relocate them to the dining table and place them next to each other. Leave the doll on the living room couch. I like to move the phone stand and candle to the bedroom couch occasionally before finally placing them on the dining table next to each other for dining ambiance. The doll stays on the living room couch as part of the decor.",28.0,0,210.91480541229248,4154.0,0.4,0.0
1122,False,"First, move the candle from the table to the chair in the tv room. Then, place it on the tv table. I usually reposition the candle in this way to prepare for a cozy evening.",12.0,0,111.88892984390259,1656.0,1.0,1.0
1205,False,Move the laptop from the office to the dining room. Place it on the table. The laptop is black with a sleek design. This laptop is essential for my work.,10.0,0,65.48553657531738,1388.0,0.0,0.0
945,False,Move the book and candle from the living room couch to the dining table. Place them next to each other on the table. I usually have my book and candle together on the dining table for a cozy reading time.,14.0,0,319.9513735771179,3398.0,1.0,1.0
1230,False,Move the toy airplane from the bedroom to the living room table. Place it next to the couch. I like to keep the toy airplane next to the couch so I can easily play with it while relaxing.,9.0,0,74.70365142822266,1207.0,1.0,1.0
1097,False,"Move the vase and stuffed toy from the dining table to the office shelves. Place them next to each other on the shelves. The vase is brown with a ribbed design, and the stuffed toy is blue with a textured pattern and a white snout. The stuffed toy is my favorite childhood toy.",41.0,0,168.87249612808228,1076.0,0.0,0.0
1224,False,"Move the picture frame and clock to the table in the bedroom. Then, place them next to each other on the counter in the kitchen. I usually like to start my day by having the picture frame and clock together in the kitchen.",16.0,0,88.95734119415283,1316.0,0.0,0.0
1109,False,"First, move the plate from the dining table to the chair. Then, place it on the table in the office. The plate is golden with a scalloped edge. It's a special gift from my grandmother.",16.0,0,139.88883471488953,1467.0,1.0,1.0
1218,False,"Organize the bedroom. Put the vase, book, and clock on the chest of drawers. I prefer to have the vase, book, and clock neatly arranged on the chest of drawers for a tidy look.",16.0,0,96.92111706733704,1453.0,1.0,1.0
1198,False,"Move the vase, candle holder, and picture frame from the living room to the office? Place them on the table. The vase is tall and light green, the candle holder is white and tan with a rounded base, and the picture frame is gray with a wavy border. The picture frame is a gift from my best friend.",41.0,0,325.80810832977295,6188.0,0.3333333333333333,0.0
1096,False,"Take the basket, can, and plant container from the kitchen cabinet to the dining table? The basket is a teal plastic Spritz Easter Basket, the can is a brown and yellow coffee can, Don Francisco's Gourmet Coffee Medium Decaf, and the plant container is a white and green Cole Hardware Orchid Pot 85. The coffee can is my favorite brand.",13.0,0,104.82395696640015,1185.0,1.0,1.0
1079,False,"First, move the clock from the table in the bedroom to the stand and place it next to the vase. Then, move the vase from the stand in the bedroom to the shelves in the living room. The clock is maroon and square with a patterned face, and the vase is black with a round shape. The clock was a gift from my grandfather.",15.0,0,75.72524309158325,1260.0,0.0,0.0
948,False,"First, move the lamp from the table in the bedroom to the counter in the kitchen. Next, move the jug to the counter in the kitchen and place it next to the lamp. I prefer to have the lamp and jug together on the kitchen counter for late-night snacks.",13.0,0,445.441543340683,4893.0,1.0,1.0
1080,False,"First, move the laptop from the living room to the bedroom and place it on the bedside table. Then move the laptop from the bedside table to the stool in the bedroom. The laptop is black with a sleek design. This laptop is my primary work device.",15.0,0,58.82683873176575,1179.0,1.0,1.0
1209,False,"First, move the phone stand and candle to the bedroom couch. Then, relocate them to the dining table and place them next to each other. Leave the doll on the living room couch. The phone stand is black with a minimalist design, and the candle is mint green with white butterfly designs. The candle was a gift from my best friend.",24.0,0,183.50834393501282,3681.0,0.0,0.0
1222,False,Move the kettle and keychain from the kitchen cabinet to the bedroom filing cabinet. Place them next to each other on the filing cabinet. I like to keep my kettle and keychain together in the bedroom for convenience in the morning.,41.0,0,212.80924725532532,2252.0,0.0,0.0
1220,False,"Move the jug, cup, and plate to the living room table. I always like to have the jug, cup, and plate ready on the living room table for my afternoon tea time.",15.0,0,111.71019506454468,1709.0,1.0,1.0
1022,False,"Move the statue and plant container from the living room shelves to the bedroom chest of drawers. Place them next to each other on the chest of drawers. The plant container is a colorful assortment of electric pots from Cole Hardware, and the statue is a gray dog-shaped statue. The dog statue is a souvenir from my last vacation.",41.0,0,233.60668849945068,2570.0,0.3333333333333333,0.0
1215,False,Move the book and clock from the living room shelves to the bedroom chair. Place them next to each other on the chair. I prefer to have my book and clock together on the bedroom chair for easy access before bed.,19.0,0,95.87560391426086,1322.0,1.0,1.0
1241,False,"Move the kettle and keychain from the kitchen cabinet to the bedroom filing cabinet. Place them next to each other on the filing cabinet. The kettle is black with a silver handle, and the keychain is black and orange with a circular pendant. The keychain is a souvenir from my trip to Japan.",41.0,0,251.8831820487976,3416.0,0.0,0.0
935,False,"Change the positions of the vase, candle, and bowl to a different table in the living room. I like to rearrange these items to keep the living room setting fresh and inviting.",26.0,0,354.9455814361572,3456.0,1.0,1.0
1228,False,"Place the bread, the potato, and the egg on the kitchen table and place them next to each other. Almost everyday I these items together on the kitchen table for my breakfast.",15.0,0,93.46723103523254,1341.0,1.0,1.0
1235,False,"Move the android figure to a new living room table. Also, move the action figure to a new living room table. The android figure is a black and white Android_Figure_Panda, and the action figure is a green and blue Leonardo from Teenage Mutant Ninja Turtles. The Android figure is a collectible item.",10.0,0,53.168994665145874,793.0,0.5,0.0
1166,False,Move the jug and cup from the kitchen counter to the living room table. Then move the tray on the couch. I usually have the jug and cup on the living room table for serving drinks and the tray on the couch for easy access to snacks during movie nights.,18.0,0,80.15217328071594,1248.0,0.6666666666666666,0.0
1011,False,"Can we move the candle and vase from the living room table to the bedroom chest of drawers? The candle is white with a light blue base in a round holder, and the vase is black with white geometric patterns. The black vase was a special gift to me.",41.0,0,217.21316266059875,2637.0,0.0,0.0
1160,False,Move the vase and picture frame from the living room table to the lounge chair. Place them next to each other on the chair. I like to keep the vase and picture frame on the lounge chair as it creates a cozy decoration spot.,21.0,0,151.29649591445923,2538.0,1.0,1.0
1242,False,"First, move the candle and then the vase from the living room shelves to the bathroom toilet. Place them next to each other on the toilet. The candle is tall and cylindrical with a lavender color, and the vase is dark blue with a faceted design. The candle is my favorite for relaxation.",41.0,0,201.23981761932373,2550.0,0.3333333333333333,0.0
1017,False,"Move the lamp, vase, and picture frame from the living room table to the bedroom table. Place them next to each other on the bedroom table. The lamp is wooden with a white spherical shade, the vase is white with a narrow neck, and the picture frame is copper with a diamond pattern. The lamp is a gift from my grandmother.",22.0,0,192.6980619430542,2827.0,0.2,0.0
967,False,Move a book and a pencil case from the bedroom to the living room. Place them on the table. I usually keep my book and pencil case in the living room for my afternoon study sessions.,15.0,0,335.9433784484863,4416.0,1.0,1.0
1239,False,"Move the jug, cup, and plate to the living room table. The jug is dark green with a rounded base, the cup is dark blue with a dandelion design, and the plate is plain white with a smooth, circular design. The cup and the plate are part of my favorite set.",15.0,0,123.06522965431213,1907.0,0.6666666666666666,0.0
970,False,Move the laptop and phone stand to the table in the office. Place them next to each other on the table. I prefer to have my laptop and phone stand together on the office table for my work setup.,14.0,0,103.8256766796112,1116.0,1.0,1.0
1025,False,"Move the book and pencil case from the living room table to the chest of drawers in the bedroom. Place them next to each other. The book is white with subtle yellow accents and a bookmark, and the pencil case has large white dots on an aqua background, named Big Dot Aqua Pencil Case. The book has my favorite notes.",39.0,0,226.83044147491455,3180.0,0.3333333333333333,0.0
1261,False,"Move the stuffed toy, basket, and picture frame from the bedroom shelves to the living room table. Place them next to each other on the table. I like to have these items together on the living room table for an inviting and cozy decor.",18.0,0,541.4843418598175,2897.0,1.0,1.0
956,False,"Help me tidy up the living room. First, move the vase and stuffed toy from the table to the couch. Place them next to each other. The vase is glossy gray with an elongated neck, and the stuffed toy is a yellow giraffe with a red bag. The vase is from my travel abroad.",18.0,0,340.54168725013733,3254.0,0.3333333333333333,0.0
975,False,"First, move the shoe and then the hat from the bedroom to the office and set them on the floor. Then, place them next to each other on the office table. I usually like to have my shoes and hat organized together on the office table for easy access when I leave.",32.0,0,475.9462399482727,5767.0,1.0,1.0
995,False,"Move the lamp, vase, and picture frame from the living room table to the bedroom table. Place them next to each other on the bedroom table. I like to have the lamp, vase, and picture frame together on the bedroom table to create a cozy atmosphere before bedtime.",28.0,0,196.76088905334473,2782.0,1.0,1.0
962,False,"Help me prepare for lunch by moving the jug and cup from the kitchen counter to the dining table. Place them next to each other. The jug is light green with a curved spout, and the cup is light pink with Pantone 337 C marking. The cup is a gift from my best friend.",19.0,0,244.6599245071411,2275.0,1.0,1.0
990,False,Move the jug and cup from the kitchen counter to the living room table. Place them next to each other. I prefer to have the jug and cup together in the living room for afternoon refreshments.,12.0,0,99.67061758041382,1656.0,1.0,1.0
1002,False,Move the dumbbell and shoe to the shelves in the living room and place them next to each other. I prefer to keep my workout equipment like dumbbells and shoes together on the living room shelves for easy access during workouts.,18.0,0,150.57808470726013,2700.0,1.0,1.0
1258,False,"Help me tidy up the hallway shelves. First, move the book, vase, and stuffed toy to the living room table. Place them next to each other. When tidying, I prefer to have the book, vase, and stuffed toy together on the living room table for a cohesive look.",20.0,0,729.7696049213409,3901.0,1.0,1.0
988,False,Help me set up some visuals on the shelves. Move the picture frame and lamp there. The book can stay where it is. I prefer to have the picture frame and lamp on the shelves to enhance the visual appeal of the room.,17.0,0,133.9953474998474,2122.0,1.0,1.0
1263,False,"First, bring the vase from shelves in the living room to the dining room. Then, place it on the table in the office. I often move the vase to the office table for a touch of decor while I work.",8.0,0,422.8012421131134,2332.0,1.0,1.0
1279,False,"First, move the clock and then the picture frame from the living room shelves to the bedroom table. Then place them next to each other on the table. The clock is round and white with black numbers and a brown frame. The picture frame is ornate with a gold and blue design. The clock was a gift from my grandmother.",12.0,0,412.0082440376282,2170.0,0.0,0.0
949,False,"Put the candle holder, statue, and vase back on the table in the bedroom. The candle holder is white and tan with a rounded base, the statue is beige on a black base, and the vase is white with a rounded body and narrow neck. The vase was a gift from my best friend.",28.0,0,1036.0883712768555,9994.0,0.0,0.0
983,False,"First, move the vase and statue to the other shelves in the living room. Then, place them next to each other on the table in the living room. The vase is black with a bulbous shape, and the statue is a black dog. The black dog statue has been with me since my childhood.",41.0,0,208.6511242389679,1656.0,0.2,0.0
1259,False,"Move the apple, the tomato, and the bread from the kitchen counter to the dining table. Place them next to each other on the table. I usually have these items arranged on the dining table for my breakfast.",17.0,0,537.4454758167267,2863.0,1.0,1.0
1184,False,"Organize the bedroom. Place the book, laptop, and candle holder back on the table. I prefer to keep the book and laptop on the table for easy access during the day, and the candle holder is always nearby for evening relaxation.",13.0,0,49.31368970870972,667.0,1.0,1.0
1186,False,Move the toy airplane and stuffed toy from the bedroom table to the workout table. Place them next to each other on the table. I like to keep the toys together on the workout table for when the kids play while I exercise.,17.0,0,85.82751774787903,1464.0,1.0,1.0
1229,False,Move the statue and picture frame from the table in the living room to the shelves in the bedroom. Place them next to each other on the shelves. I prefer to keep the statue and picture frame on the shelves in the bedroom to maintain a cohesive decor.,41.0,0,171.8760163784027,1482.0,0.3333333333333333,0.0
1276,False,"Move the stuffed toy, basket, and picture frame from the bedroom shelves to the living room table. Place them next to each other on the table. The stuffed toy is cream-colored, resembling a dog with a long nose, the basket is a teal plastic Spritz Easter Basket, and the picture frame is black adorned with teardrop-shaped embellishments. The stuffed toy was a gift from my best friend.",41.0,0,830.1032493114471,4232.0,0.6,0.0
1223,False,"First, move the candle and then the vase from the living room shelves to the bathroom toilet. Place them next to each other on the toilet. I typically keep the candle and vase together on the bathroom toilet for a calming atmosphere.",41.0,0,188.83879852294922,2107.0,0.3333333333333333,0.0
978,False,"Move a book and a pencil case from the bedroom to the living room. Place them on the table. The book has a cover image of a modern interior, and the pencil case is colorful with a paisley pattern, named Olive Kids Paisley Pencil Case. The book was a gift from a dear friend.",41.0,0,622.9038910865784,7695.0,0.5,0.0
1021,False,"Move the lamp and then the vase from the table in the living room to the shelves, placing them next to each other. The lamp has a pineapple-shaped neon outline with a black base, and the vase is simple and gray. The lamp was a gift from my best friend.",17.0,0,108.06867527961731,1731.0,1.0,1.0
1256,False,Move the plate and bowl from the dining table to the kitchen counter. Place them next to each other on the counter. I always keep the plate and bowl together on the kitchen counter after meals for easy cleanup.,17.0,0,285.64419770240784,1365.0,1.0,1.0
1009,False,"Move the lamp to the bedroom table. Move the statue to the living room shelves. The lamp is wooden with a white spherical shade, and the statue is black hand-shaped with a glossy finish. The lamp was a gift from my grandmother.",22.0,0,171.82670736312866,2791.0,1.0,1.0
1012,False,"Move the jug and cup from the kitchen counter to the living room table. Place them next to each other. The jug is red with a white dot pattern, and the cup is a white, 16 oz coffee mug, ACE Coffee Mug Kristen. The coffee mug is my favorite.",16.0,0,115.08516144752502,1705.0,1.0,1.0
1023,False,"Move the laptop and then the laptop stand from the living room table to the bedroom table and place them next to each other. The laptop is black with a touchpad, and the laptop stand is black with foldable legs. The laptop is my personal device.",19.0,0,172.012601852417,2929.0,0.3333333333333333,0.0
937,False,"Move the plant container from the bedroom table to the living room table. Take the stuffed toy from the kitchen cabinet and put it on a bedroom table. I like to have the plant container in the living room for better sunlight, and the stuffed toy should be on the bedroom table to add a cozy touch.",26.0,0,876.2406513690948,9265.0,1.0,1.0
966,False,Move the laptop stand and multiport hub from the office table to the bedroom table. Place them next to each other on the table. I prefer to have my laptop stand and multiport hub together in the bedroom for my late-night work sessions.,14.0,0,86.86576437950134,905.0,1.0,1.0
958,False,"Put the plate and bowl together in another cabinet in the kitchen and place them next to each other. The plate is a square white plate with a black geometric pattern, and the bowl is a white bowl with a brown lid. The plate and bowl are part of my dinnerware set.",41.0,0,267.6007766723633,1554.0,0.0,0.0
972,False,"First, move the vase and statue to the other shelves in the living room. Then, place them next to each other on the table in the living room. I always like to keep the vase and statue together on the table for my morning meditation.",12.0,0,111.61964535713196,1345.0,0.0,0.0
968,False,Move the laptop and mouse pad from the office table to the bedroom chest of drawers. Place them next to each other on the chest of drawers. I prefer to have my laptop and mouse pad on the bedroom chest of drawers for evening work sessions.,14.0,0,110.31262969970703,1008.0,1.0,1.0
974,False,"First, put a clock next to the vase. Then, move both to the couch in the tv room. I usually keep the clock and vase together on the couch in the tv room to easily check the time while watching TV.",41.0,0,204.35024523735046,1666.0,0.6666666666666666,0.0
952,False,"Move the plant container from the bedroom table to the living room table. Take the stuffed toy from the kitchen cabinet and put it on a bedroom table. The plant container is a colorful assortment of electric pots by Cole Hardware, and the stuffed toy is a gray bear with a paw print on its scarf. The stuffed toy bear is a gift from my friend.",21.0,0,527.3428053855896,5398.0,0.0,0.0
1000,False,Move the statue and plant container from the living room shelves to the bedroom chest of drawers. Place them next to each other on the chest of drawers. I like to have the statue and plant container together on the bedroom chest of drawers for a decorative touch.,41.0,0,312.3755371570587,4975.0,0.0,0.0
1005,False,"Move the jug and cup to the table in the living room. Then, place them next to each other on the chair. After that, put the laptop on the table in the bedroom. I like to have the jug and cup together on the chair for easy access when I'm relaxing in the living room, and the laptop is usually in the bedroom for my work.",41.0,0,223.72208333015442,2893.0,0.3333333333333333,0.0
989,False,Can we move the candle and vase from the living room table to the bedroom chest of drawers? I enjoy having the candle and vase on the bedroom chest of drawers for a relaxing ambiance.,17.0,0,143.38955307006836,2450.0,1.0,1.0
959,False,"First, move the toy vehicle from the bedroom to the living room. Then, place it on the couch in the living room. The toy vehicle is a green toy train with red and black details, called Thomas Friends Wooden Railway Henry. This toy train was my favorite childhood toy.",14.0,0,590.6538798809052,6582.0,1.0,1.0
943,False,Put the plate and bowl together in another cabinet in the kitchen and place them next to each other. I prefer to keep my plates and bowls next to each other in the cabinet for easy access when setting the table.,13.0,0,194.6088445186615,1720.0,0.0,0.0
960,False,"Move the book and candle from the living room couch to the dining table. Place them next to each other on the table. The book is beige titled 'UNIX' with a simple cover design, and the candle is white on a black holder. The book is a gift from my best friend.",41.0,0,412.62930059432983,3692.0,0.0,0.0
942,False,Bring the book from the living room to the bedroom and place it on the chest of drawers. I prefer to keep the book on the chest of drawers in the bedroom for my bedtime reading routine.,9.0,0,267.00508093833923,2861.0,1.0,1.0
946,False,Move the jug and cup from the kitchen counter to the dining table. Place them next to each other on the table. I like to have the jug and cup next to each other on the dining table for easy access during meals.,16.0,0,235.15689611434937,2326.0,1.0,1.0
957,False,Bring the book from the living room to the bedroom and place it on the chest of drawers. The book is white with subtle yellow accents and a bookmark. This book was a gift from my friend.,11.0,0,267.36687684059143,2740.0,1.0,1.0
947,False,Help me prepare for lunch by moving the jug and cup from the kitchen counter to the dining table. Place them next to each other. I prefer having the jug and cup together on the dining table for easy access during lunch.,15.0,0,235.33798670768738,2456.0,0.0,0.0
944,False,"First, move the toy vehicle from the bedroom to the living room. Then, place it on the couch in the living room. I often keep the toy vehicle on the living room couch so it's easy to find when I want to play with it.",11.0,0,395.89241337776184,4605.0,1.0,1.0
1001,False,Move the laptop and then the laptop stand from the living room table to the bedroom table and place them next to each other. I prefer to have my laptop and stand set up in the bedroom for a more comfortable work environment.,17.0,0,143.91767621040344,2476.0,1.0,1.0
998,False,Place the laptop stand on the living room table next to the laptop. I prefer to keep my laptop stand next to the laptop on the living room table for easy access during work sessions.,6.0,0,74.57599329948425,1505.0,1.0,1.0
936,False,"Help me tidy up the living room table. Move the clock, book, and candle to the stand. I usually have the clock, book, and candle on the stand for as my usual setup.",41.0,0,419.9907932281494,3980.0,0.6666666666666666,0.0
941,False,"Help me tidy up the living room. First, move the vase and stuffed toy from the table to the couch. Place them next to each other. I like to have the vase and stuffed toy together on the couch during cleaning for easy access later.",12.0,0,303.15913677215576,3275.0,1.0,1.0
934,False,"Put the candle holder, statue, and vase back on the table in the bedroom. I prefer to have the candle holder, statue, and vase arranged on the bedroom table for a calming atmosphere.",7.0,0,908.9896464347839,10000.0,0.0,0.0
1214,False,"Move the laptop and the mouse pad to a new living room table. Move the clock to another shelf. I prefer to have my laptop and mouse pad on the living room table for work, and the clock on a different shelf to keep track of time without cluttering my workspace.",12.0,0,71.71306657791138,1070.0,1.0,1.0
1236,False,"Place the vase on the shelves, the candle on the table? The vase is white with a faceted design, and the candle is mint green with white butterfly designs. The vase is a family heirloom.",16.0,0,140.72691535949707,2493.0,1.0,1.0
1129,False,"Move the toy airplane and toy vehicle from the TV table to the garage bench. Place them next to each other on the bench. The toy airplane is red and white with a pilot, and the toy vehicle is a blue toy train with a smiling face, Thomas & Friends Wooden Railway Talking Thomas. Both toys are part of my cherished collection.",41.0,0,213.40869879722595,2253.0,0.3333333333333333,0.0
986,False,"First, move the shoe and then the hat from the bedroom to the office and set them on the floor. Then, place them next to each other on the office table. The shoe is a white and silver ASICS with royal blue accents, GEL-1140V model, and the hat is a beige straw with a black band, DPC Tropical Trends Hat. The shoe and the hat are part of my travel essentials.",41.0,0,519.5779137611389,5742.0,0.0,0.0
950,False,"Change the positions of the vase, candle, and bowl to a different table in the living room. The vase is teal with a tall, slender neck, the candle is a gradient teal with a white top, and the bowl is brown wooden with a smooth finish. The candle was a gift from my friend.",20.0,0,276.41801500320435,2978.0,0.6666666666666666,0.0
1248,False,"Place the bread, the potato, and the egg on the kitchen table and place them next to each other. The bread is a round, dark brown loaf with slashes on top, the potato is brown with a smooth surface, and the egg is brown with a smooth surface. The bread is from my favorite bakery.",25.0,0,106.42301917076111,1277.0,1.0,1.0
992,False,"Move the candle holder, candle, and vase from the dining table to the living room shelves. Place them next to each other on the shelves. I prefer to have the candle holder, candle, and vase displayed together on the living room shelves for a cohesive look.",18.0,0,147.95096445083618,2697.0,1.0,1.0
1117,False,Move the candle and vase from the dining table to the tv couch. Place them next to each other on the couch. I like to keep the candle and vase together on the TV couch for a cozy atmosphere.,41.0,0,183.63688206672668,2009.0,0.3333333333333333,0.0
